{"count":1,"self":14.6143184,"total":14.671985999999999,"children":{"AgentResetIfDone":{"count":359,"self":0.016612,"total":0.016612,"children":null},"AgentSendState":{"count":359,"self":0.010006,"total":0.010006,"children":null},"DecideAction":{"count":359,"self":0.009627,"total":0.009627,"children":null},"AcademyStep":{"count":359,"self":0.0098059999999999987,"total":0.0098059999999999987,"children":null},"AgentAct":{"count":359,"self":0.010152,"total":0.010152,"children":null}}}